<ModOps>
	<ModOp Type="add" Path="/TextExport/Texts">
		<Text>
			<GUID>25238</GUID>
			<Text>모듈 및 오솔길 건설 메뉴를 열려면 클릭하세요.</Text>
		</Text>
		<Text>
			<GUID>25235</GUID>
			<Text>모듈</Text>
		</Text>
		<Text>
			<GUID>25237</GUID>
			<Text>모듈</Text>
		</Text>
		<Text>
			<GUID>25750</GUID>
			<Text>모듈</Text>
		</Text>
		<Text>
			<GUID>25819</GUID>
			<Text>반경</Text>
		</Text>
		<Text>
			<GUID>25866</GUID>
			<Text>규정을 선택하세요. 섬마다 하나의 규정만 활성화할 수 있습니다.</Text>
		</Text>
		<Text>
			<GUID>24783</GUID>
			<Text>외부 범위</Text>
		</Text>
	</ModOp>
</ModOps>
