<ModOps>
	<ModOp Type="add" Path="/TextExport/Texts">
		<Text>
			<GUID>25238</GUID>
			<Text>Haz clic y accede al menú de construcción de módulos y caminos.</Text>
		</Text>
		<Text>
			<GUID>25235</GUID>
			<Text>Módulos</Text>
		</Text>
		<Text>
			<GUID>25237</GUID>
			<Text>Módulos</Text>
		</Text>
		<Text>
			<GUID>25750</GUID>
			<Text>Módulos</Text>
		</Text>
		<Text>
			<GUID>25819</GUID>
			<Text>Radio</Text>
		</Text>
		<Text>
			<GUID>25866</GUID>
			<Text>Establece un edicto. Solo puedes tener un edicto activo por isla.</Text>
		</Text>
		<Text>
			<GUID>24783</GUID>
			<Text>Exterior al radio</Text>
		</Text>
	</ModOp>
</ModOps>